name,value,label,rank,index
Coca-Cola,72537,2000,1,0
Microsoft,70196,2000,2,0
IBM,53183,2000,3,0
Intel,39048,2000,4,0
GE,38127,2000,5,0
Ford,36368,2000,6,0
Disney,33553,2000,7,0
McDonald's,27859,2000,8,0
Mercedes-Benz,21104,2000,9,0
HP,20572,2000,10,0
Cisco,20067,2000,11,0
Toyota,18823,2000,12,0
Coca-Cola,72177.8,2000,1,1
Microsoft,69683.2,2000,2,1
IBM,53139.9,2000,3,1
Intel,38609.7,2000,4,1
GE,38553.9,2000,5,1
Ford,35740.4,2000,6,1
Disney,33456.8,2000,7,1
McDonald's,27602,2000,8,1
Mercedes-Benz,21166.4,2000,9,1
HP,20313.1,2000,10,1
Cisco,19781.2,2000,11,1
Citi,18828.6,2000,12,1
Coca-Cola,71818.6,2000,1,2
Microsoft,69170.4,2000,2,2
IBM,53096.8,2000,3,2
GE,38980.8,2000,4,2
Intel,38171.4,2000,5,2
Ford,35112.8,2000,6,2
Disney,33360.6,2000,7,2
McDonald's,27345,2000,8,2
Mercedes-Benz,21228.8,2000,9,2
HP,20054.2,2000,10,2
Cisco,19495.4,2000,11,2
Citi,18848.2,2000,12,2
Coca-Cola,71459.4,2000,1,3
Microsoft,68657.6,2000,2,3
IBM,53053.7,2000,3,3
GE,39407.7,2000,4,3
Intel,37733.1,2000,5,3
Ford,34485.2,2000,6,3
Disney,33264.4,2000,7,3
McDonald's,27088,2000,8,3
Mercedes-Benz,21291.2,2000,9,3
HP,19795.3,2000,10,3
Cisco,19209.6,2000,11,3
Citi,18867.8,2000,12,3
Coca-Cola,71100.2,2000,1,4
Microsoft,68144.8,2000,2,4
IBM,53010.6,2000,3,4
GE,39834.6,2000,4,4
Intel,37294.8,2000,5,4
Ford,33857.6,2000,6,4
Disney,33168.2,2000,7,4
McDonald's,26831,2000,8,4
Mercedes-Benz,21353.6,2000,9,4
HP,19536.4,2000,10,4
Cisco,18923.8,2000,11,4
Citi,18887.4,2000,12,4
Coca-Cola,70741,2000,1,5
Microsoft,67632,2000,2,5
IBM,52967.5,2000,3,5
GE,40261.5,2000,4,5
Intel,36856.5,2000,5,5
Ford,33230,2000,6,5
Disney,33072,2000,7,5
McDonald's,26574,2000,8,5
Mercedes-Benz,21416,2000,9,5
HP,19277.5,2000,10,5
Citi,18907,2000,11,5
Toyota,18700.5,2000,12,5
Coca-Cola,70381.8,2000,1,6
Microsoft,67119.2,2000,2,6
IBM,52924.4,2000,3,6
GE,40688.4,2000,4,6
Intel,36418.2,2000,5,6
Disney,32975.8,2000,6,6
Ford,32602.4,2000,7,6
McDonald's,26317,2000,8,6
Mercedes-Benz,21478.4,2000,9,6
HP,19018.6,2000,10,6
Citi,18926.6,2000,11,6
Toyota,18676,2000,12,6
Coca-Cola,70022.6,2000,1,7
Microsoft,66606.4,2000,2,7
IBM,52881.3,2000,3,7
GE,41115.3,2000,4,7
Intel,35979.9,2000,5,7
Disney,32879.6,2000,6,7
Ford,31974.8,2000,7,7
McDonald's,26060,2000,8,7
Mercedes-Benz,21540.8,2000,9,7
Citi,18946.2,2000,10,7
HP,18759.7,2000,11,7
Toyota,18651.5,2000,12,7
Coca-Cola,69663.4,2000,1,8
Microsoft,66093.6,2000,2,8
IBM,52838.2,2000,3,8
GE,41542.2,2000,4,8
Intel,35541.6,2000,5,8
Disney,32783.4,2000,6,8
Ford,31347.2,2000,7,8
McDonald's,25803,2000,8,8
Mercedes-Benz,21603.2,2000,9,8
Citi,18965.8,2000,10,8
Toyota,18627,2000,11,8
HP,18500.8,2000,12,8
Coca-Cola,69304.2,2000,1,9
Microsoft,65580.8,2000,2,9
IBM,52795.1,2000,3,9
GE,41969.1,2000,4,9
Intel,35103.3,2000,5,9
Disney,32687.2,2000,6,9
Ford,30719.6,2000,7,9
McDonald's,25546,2000,8,9
Mercedes-Benz,21665.6,2000,9,9
Citi,18985.4,2000,10,9
Toyota,18602.5,2000,11,9
HP,18241.9,2000,12,9
Coca-Cola,68945,2001,1,10
Microsoft,65068,2001,2,10
IBM,52752,2001,3,10
GE,42396,2001,4,10
Intel,34665,2001,5,10
Disney,32591,2001,6,10
Ford,30092,2001,7,10
McDonald's,25289,2001,8,10
Mercedes-Benz,21728,2001,9,10
Citi,19005,2001,10,10
Toyota,18578,2001,11,10
HP,17983,2001,12,10
Coca-Cola,69014.2,2001,1,11
Microsoft,64970.3,2001,2,11
IBM,52595.6,2001,3,11
GE,42287.5,2001,4,11
Intel,34284.6,2001,5,11
Disney,32257.5,2001,6,11
Ford,29123.1,2001,7,11
McDonald's,25397.6,2001,8,11
Mercedes-Benz,21656.2,2001,9,11
Citi,18911.1,2001,10,11
Toyota,18665,2001,11,11
HP,17862.3,2001,12,11
Coca-Cola,69083.4,2001,1,12
Microsoft,64872.6,2001,2,12
IBM,52439.2,2001,3,12
GE,42179,2001,4,12
Intel,33904.2,2001,5,12
Disney,31924,2001,6,12
Ford,28154.2,2001,7,12
McDonald's,25506.2,2001,8,12
Mercedes-Benz,21584.4,2001,9,12
Citi,18817.2,2001,10,12
Toyota,18752,2001,11,12
HP,17741.6,2001,12,12
Coca-Cola,69152.6,2001,1,13
Microsoft,64774.9,2001,2,13
IBM,52282.8,2001,3,13
GE,42070.5,2001,4,13
Intel,33523.8,2001,5,13
Disney,31590.5,2001,6,13
Ford,27185.3,2001,7,13
McDonald's,25614.8,2001,8,13
Mercedes-Benz,21512.6,2001,9,13
Toyota,18839,2001,10,13
Citi,18723.3,2001,11,13
HP,17620.9,2001,12,13
Coca-Cola,69221.8,2001,1,14
Microsoft,64677.2,2001,2,14
IBM,52126.4,2001,3,14
GE,41962,2001,4,14
Intel,33143.4,2001,5,14
Disney,31257,2001,6,14
Ford,26216.4,2001,7,14
McDonald's,25723.4,2001,8,14
Mercedes-Benz,21440.8,2001,9,14
Toyota,18926,2001,10,14
Citi,18629.4,2001,11,14
HP,17500.2,2001,12,14
Coca-Cola,69291,2001,1,15
Microsoft,64579.5,2001,2,15
IBM,51970,2001,3,15
GE,41853.5,2001,4,15
Intel,32763,2001,5,15
Disney,30923.5,2001,6,15
McDonald's,25832,2001,7,15
Ford,25247.5,2001,8,15
Mercedes-Benz,21369,2001,9,15
Toyota,19013,2001,10,15
Citi,18535.5,2001,11,15
HP,17379.5,2001,12,15
Coca-Cola,69360.2,2001,1,16
Microsoft,64481.8,2001,2,16
IBM,51813.6,2001,3,16
GE,41745,2001,4,16
Intel,32382.6,2001,5,16
Disney,30590,2001,6,16
McDonald's,25940.6,2001,7,16
Ford,24278.6,2001,8,16
Mercedes-Benz,21297.2,2001,9,16
Toyota,19100,2001,10,16
Citi,18441.6,2001,11,16
HP,17258.8,2001,12,16
Coca-Cola,69429.4,2001,1,17
Microsoft,64384.1,2001,2,17
IBM,51657.2,2001,3,17
GE,41636.5,2001,4,17
Intel,32002.2,2001,5,17
Disney,30256.5,2001,6,17
McDonald's,26049.2,2001,7,17
Ford,23309.7,2001,8,17
Mercedes-Benz,21225.4,2001,9,17
Toyota,19187,2001,10,17
Citi,18347.7,2001,11,17
HP,17138.1,2001,12,17
Coca-Cola,69498.6,2001,1,18
Microsoft,64286.4,2001,2,18
IBM,51500.8,2001,3,18
GE,41528,2001,4,18
Intel,31621.8,2001,5,18
Disney,29923,2001,6,18
McDonald's,26157.8,2001,7,18
Ford,22340.8,2001,8,18
Mercedes-Benz,21153.6,2001,9,18
Toyota,19274,2001,10,18
Citi,18253.8,2001,11,18
HP,17017.4,2001,12,18
Coca-Cola,69567.8,2001,1,19
Microsoft,64188.7,2001,2,19
IBM,51344.4,2001,3,19
GE,41419.5,2001,4,19
Intel,31241.4,2001,5,19
Disney,29589.5,2001,6,19
McDonald's,26266.4,2001,7,19
Ford,21371.9,2001,8,19
Mercedes-Benz,21081.8,2001,9,19
Toyota,19361,2001,10,19
Citi,18159.9,2001,11,19
HP,16896.7,2001,12,19
Coca-Cola,69637,2002,1,20
Microsoft,64091,2002,2,20
IBM,51188,2002,3,20
GE,41311,2002,4,20
Intel,30861,2002,5,20
Disney,29256,2002,6,20
McDonald's,26375,2002,7,20
Mercedes-Benz,21010,2002,8,20
Ford,20403,2002,9,20
Toyota,19448,2002,10,20
Citi,18066,2002,11,20
HP,16776,2002,12,20
Coca-Cola,69718.6,2002,1,21
Microsoft,64199.3,2002,2,21
IBM,51245.9,2002,3,21
GE,41413.9,2002,4,21
Intel,30886.1,2002,5,21
Disney,29134,2002,6,21
McDonald's,26207.4,2002,7,21
Mercedes-Benz,21046.1,2002,8,21
Ford,20069.3,2002,9,21
Toyota,19581.6,2002,10,21
Citi,18116.5,2002,11,21
HP,17084.4,2002,12,21
Coca-Cola,69800.2,2002,1,22
Microsoft,64307.6,2002,2,22
IBM,51303.8,2002,3,22
GE,41516.8,2002,4,22
Intel,30911.2,2002,5,22
Disney,29012,2002,6,22
McDonald's,26039.8,2002,7,22
Mercedes-Benz,21082.2,2002,8,22
Ford,19735.6,2002,9,22
Toyota,19715.2,2002,10,22
Citi,18167,2002,11,22
HP,17392.8,2002,12,22
Coca-Cola,69881.8,2002,1,23
Microsoft,64415.9,2002,2,23
IBM,51361.7,2002,3,23
GE,41619.7,2002,4,23
Intel,30936.3,2002,5,23
Disney,28890,2002,6,23
McDonald's,25872.2,2002,7,23
Mercedes-Benz,21118.3,2002,8,23
Toyota,19848.8,2002,9,23
Ford,19401.9,2002,10,23
Citi,18217.5,2002,11,23
HP,17701.2,2002,12,23
Coca-Cola,69963.4,2002,1,24
Microsoft,64524.2,2002,2,24
IBM,51419.6,2002,3,24
GE,41722.6,2002,4,24
Intel,30961.4,2002,5,24
Disney,28768,2002,6,24
McDonald's,25704.6,2002,7,24
Mercedes-Benz,21154.4,2002,8,24
Toyota,19982.4,2002,9,24
Ford,19068.2,2002,10,24
Citi,18268,2002,11,24
HP,18009.6,2002,12,24
Coca-Cola,70045,2002,1,25
Microsoft,64632.5,2002,2,25
IBM,51477.5,2002,3,25
GE,41825.5,2002,4,25
Intel,30986.5,2002,5,25
Disney,28646,2002,6,25
McDonald's,25537,2002,7,25
Mercedes-Benz,21190.5,2002,8,25
Toyota,20116,2002,9,25
Ford,18734.5,2002,10,25
Citi,18318.5,2002,11,25
HP,18318,2002,12,25
Coca-Cola,70126.6,2002,1,26
Microsoft,64740.8,2002,2,26
IBM,51535.4,2002,3,26
GE,41928.4,2002,4,26
Intel,31011.6,2002,5,26
Disney,28524,2002,6,26
McDonald's,25369.4,2002,7,26
Mercedes-Benz,21226.6,2002,8,26
Toyota,20249.6,2002,9,26
HP,18626.4,2002,10,26
Ford,18400.8,2002,11,26
Citi,18369,2002,12,26
Coca-Cola,70208.2,2002,1,27
Microsoft,64849.1,2002,2,27
IBM,51593.3,2002,3,27
GE,42031.3,2002,4,27
Intel,31036.7,2002,5,27
Disney,28402,2002,6,27
McDonald's,25201.8,2002,7,27
Mercedes-Benz,21262.7,2002,8,27
Toyota,20383.2,2002,9,27
HP,18934.8,2002,10,27
Citi,18419.5,2002,11,27
Ford,18067.1,2002,12,27
Coca-Cola,70289.8,2002,1,28
Microsoft,64957.4,2002,2,28
IBM,51651.2,2002,3,28
GE,42134.2,2002,4,28
Intel,31061.8,2002,5,28
Disney,28280,2002,6,28
McDonald's,25034.2,2002,7,28
Mercedes-Benz,21298.8,2002,8,28
Toyota,20516.8,2002,9,28
HP,19243.2,2002,10,28
Citi,18470,2002,11,28
Ford,17733.4,2002,12,28
Coca-Cola,70371.4,2002,1,29
Microsoft,65065.7,2002,2,29
IBM,51709.1,2002,3,29
GE,42237.1,2002,4,29
Intel,31086.9,2002,5,29
Disney,28158,2002,6,29
McDonald's,24866.6,2002,7,29
Mercedes-Benz,21334.9,2002,8,29
Toyota,20650.4,2002,9,29
HP,19551.6,2002,10,29
Citi,18520.5,2002,11,29
Ford,17399.7,2002,12,29
Coca-Cola,70453,2003,1,30
Microsoft,65174,2003,2,30
IBM,51767,2003,3,30
GE,42340,2003,4,30
Intel,31112,2003,5,30
Disney,28036,2003,6,30
McDonald's,24699,2003,7,30
Mercedes-Benz,21371,2003,8,30
Toyota,20784,2003,9,30
HP,19860,2003,10,30
Citi,18571,2003,11,30
Ford,17066,2003,12,30
Coca-Cola,70147.1,2003,1,31
Microsoft,64793.8,2003,2,31
IBM,51969.4,2003,3,31
GE,42517.1,2003,4,31
Intel,31350.7,2003,5,31
Disney,27943.7,2003,6,31
McDonald's,24729.2,2003,7,31
Mercedes-Benz,21367,2003,8,31
Toyota,20972.9,2003,9,31
HP,19971.8,2003,10,31
Citi,18711,2003,11,31
American Express,16918,2003,12,31
Coca-Cola,69841.2,2003,1,32
Microsoft,64413.6,2003,2,32
IBM,52171.8,2003,3,32
GE,42694.2,2003,4,32
Intel,31589.4,2003,5,32
Disney,27851.4,2003,6,32
McDonald's,24759.4,2003,7,32
Mercedes-Benz,21363,2003,8,32
Toyota,21161.8,2003,9,32
HP,20083.6,2003,10,32
Citi,18851,2003,11,32
American Express,17003,2003,12,32
Coca-Cola,69535.3,2003,1,33
Microsoft,64033.4,2003,2,33
IBM,52374.2,2003,3,33
GE,42871.3,2003,4,33
Intel,31828.1,2003,5,33
Disney,27759.1,2003,6,33
McDonald's,24789.6,2003,7,33
Mercedes-Benz,21359,2003,8,33
Toyota,21350.7,2003,9,33
HP,20195.4,2003,10,33
Citi,18991,2003,11,33
American Express,17088,2003,12,33
Coca-Cola,69229.4,2003,1,34
Microsoft,63653.2,2003,2,34
IBM,52576.6,2003,3,34
GE,43048.4,2003,4,34
Intel,32066.8,2003,5,34
Disney,27666.8,2003,6,34
McDonald's,24819.8,2003,7,34
Toyota,21539.6,2003,8,34
Mercedes-Benz,21355,2003,9,34
HP,20307.2,2003,10,34
Citi,19131,2003,11,34
American Express,17173,2003,12,34
Coca-Cola,68923.5,2003,1,35
Microsoft,63273,2003,2,35
IBM,52779,2003,3,35
GE,43225.5,2003,4,35
Intel,32305.5,2003,5,35
Disney,27574.5,2003,6,35
McDonald's,24850,2003,7,35
Toyota,21728.5,2003,8,35
Mercedes-Benz,21351,2003,9,35
HP,20419,2003,10,35
Citi,19271,2003,11,35
American Express,17258,2003,12,35
Coca-Cola,68617.6,2003,1,36
Microsoft,62892.8,2003,2,36
IBM,52981.4,2003,3,36
GE,43402.6,2003,4,36
Intel,32544.2,2003,5,36
Disney,27482.2,2003,6,36
McDonald's,24880.2,2003,7,36
Toyota,21917.4,2003,8,36
Mercedes-Benz,21347,2003,9,36
HP,20530.8,2003,10,36
Citi,19411,2003,11,36
American Express,17343,2003,12,36
Coca-Cola,68311.7,2003,1,37
Microsoft,62512.6,2003,2,37
IBM,53183.8,2003,3,37
GE,43579.7,2003,4,37
Intel,32782.9,2003,5,37
Disney,27389.9,2003,6,37
McDonald's,24910.4,2003,7,37
Toyota,22106.3,2003,8,37
Mercedes-Benz,21343,2003,9,37
HP,20642.6,2003,10,37
Citi,19551,2003,11,37
American Express,17428,2003,12,37
Coca-Cola,68005.8,2003,1,38
Microsoft,62132.4,2003,2,38
IBM,53386.2,2003,3,38
GE,43756.8,2003,4,38
Intel,33021.6,2003,5,38
Disney,27297.6,2003,6,38
McDonald's,24940.6,2003,7,38
Toyota,22295.2,2003,8,38
Mercedes-Benz,21339,2003,9,38
HP,20754.4,2003,10,38
Citi,19691,2003,11,38
American Express,17513,2003,12,38
Coca-Cola,67699.9,2003,1,39
Microsoft,61752.2,2003,2,39
IBM,53588.6,2003,3,39
GE,43933.9,2003,4,39
Intel,33260.3,2003,5,39
Disney,27205.3,2003,6,39
McDonald's,24970.8,2003,7,39
Toyota,22484.1,2003,8,39
Mercedes-Benz,21335,2003,9,39
HP,20866.2,2003,10,39
Citi,19831,2003,11,39
American Express,17598,2003,12,39
Coca-Cola,67394,2004,1,40
Microsoft,61372,2004,2,40
IBM,53791,2004,3,40
GE,44111,2004,4,40
Intel,33499,2004,5,40
Disney,27113,2004,6,40
McDonald's,25001,2004,7,40
Toyota,22673,2004,8,40
Mercedes-Benz,21331,2004,9,40
HP,20978,2004,10,40
Citi,19971,2004,11,40
American Express,17683,2004,12,40
Coca-Cola,67407.1,2004,1,41
Microsoft,61228.9,2004,2,41
IBM,53749.5,2004,3,41
GE,44399.5,2004,4,41
Intel,33707.9,2004,5,41
Disney,27045.8,2004,6,41
McDonald's,25102.3,2004,7,41
Toyota,22889.4,2004,8,41
Mercedes-Benz,21198.5,2004,9,41
HP,20766.8,2004,10,41
Citi,19970.6,2004,11,41
American Express,17770.6,2004,12,41
Coca-Cola,67420.2,2004,1,42
Microsoft,61085.8,2004,2,42
IBM,53708,2004,3,42
GE,44688,2004,4,42
Intel,33916.8,2004,5,42
Disney,26978.6,2004,6,42
McDonald's,25203.6,2004,7,42
Toyota,23105.8,2004,8,42
Mercedes-Benz,21066,2004,9,42
HP,20555.6,2004,10,42
Citi,19970.2,2004,11,42
American Express,17858.2,2004,12,42
Coca-Cola,67433.3,2004,1,43
Microsoft,60942.7,2004,2,43
IBM,53666.5,2004,3,43
GE,44976.5,2004,4,43
Intel,34125.7,2004,5,43
Disney,26911.4,2004,6,43
McDonald's,25304.9,2004,7,43
Toyota,23322.2,2004,8,43
Mercedes-Benz,20933.5,2004,9,43
HP,20344.4,2004,10,43
Citi,19969.8,2004,11,43
American Express,17945.8,2004,12,43
Coca-Cola,67446.4,2004,1,44
Microsoft,60799.6,2004,2,44
IBM,53625,2004,3,44
GE,45265,2004,4,44
Intel,34334.6,2004,5,44
Disney,26844.2,2004,6,44
McDonald's,25406.2,2004,7,44
Toyota,23538.6,2004,8,44
Mercedes-Benz,20801,2004,9,44
HP,20133.2,2004,10,44
Citi,19969.4,2004,11,44
American Express,18033.4,2004,12,44
Coca-Cola,67459.5,2004,1,45
Microsoft,60656.5,2004,2,45
IBM,53583.5,2004,3,45
GE,45553.5,2004,4,45
Intel,34543.5,2004,5,45
Disney,26777,2004,6,45
McDonald's,25507.5,2004,7,45
Toyota,23755,2004,8,45
Mercedes-Benz,20668.5,2004,9,45
Citi,19969,2004,10,45
HP,19922,2004,11,45
American Express,18121,2004,12,45
Coca-Cola,67472.6,2004,1,46
Microsoft,60513.4,2004,2,46
IBM,53542,2004,3,46
GE,45842,2004,4,46
Intel,34752.4,2004,5,46
Disney,26709.8,2004,6,46
McDonald's,25608.8,2004,7,46
Toyota,23971.4,2004,8,46
Mercedes-Benz,20536,2004,9,46
Citi,19968.6,2004,10,46
HP,19710.8,2004,11,46
American Express,18208.6,2004,12,46
Coca-Cola,67485.7,2004,1,47
Microsoft,60370.3,2004,2,47
IBM,53500.5,2004,3,47
GE,46130.5,2004,4,47
Intel,34961.3,2004,5,47
Disney,26642.6,2004,6,47
McDonald's,25710.1,2004,7,47
Toyota,24187.8,2004,8,47
Mercedes-Benz,20403.5,2004,9,47
Citi,19968.2,2004,10,47
HP,19499.6,2004,11,47
American Express,18296.2,2004,12,47
Coca-Cola,67498.8,2004,1,48
Microsoft,60227.2,2004,2,48
IBM,53459,2004,3,48
GE,46419,2004,4,48
Intel,35170.2,2004,5,48
Disney,26575.4,2004,6,48
McDonald's,25811.4,2004,7,48
Toyota,24404.2,2004,8,48
Mercedes-Benz,20271,2004,9,48
Citi,19967.8,2004,10,48
HP,19288.4,2004,11,48
American Express,18383.8,2004,12,48
Coca-Cola,67511.9,2004,1,49
Microsoft,60084.1,2004,2,49
IBM,53417.5,2004,3,49
GE,46707.5,2004,4,49
Intel,35379.1,2004,5,49
Disney,26508.2,2004,6,49
McDonald's,25912.7,2004,7,49
Toyota,24620.6,2004,8,49
Mercedes-Benz,20138.5,2004,9,49
Citi,19967.4,2004,10,49
HP,19077.2,2004,11,49
American Express,18471.4,2004,12,49
Coca-Cola,67525,2005,1,50
Microsoft,59941,2005,2,50
IBM,53376,2005,3,50
GE,46996,2005,4,50
Intel,35588,2005,5,50
Disney,26441,2005,6,50
McDonald's,26014,2005,7,50
Toyota,24837,2005,8,50
Mercedes-Benz,20006,2005,9,50
Citi,19967,2005,10,50
HP,18866,2005,11,50
American Express,18559,2005,12,50
Coca-Cola,67472.5,2005,1,51
Microsoft,59639.5,2005,2,51
IBM,53658.5,2005,3,51
GE,47187.1,2005,4,51
Intel,35261.1,2005,5,51
Disney,26581.7,2005,6,51
McDonald's,26162.7,2005,7,51
Toyota,25147.4,2005,8,51
Mercedes-Benz,20184.9,2005,9,51
Citi,20116.1,2005,10,51
HP,19025.2,2005,11,51
American Express,18667.2,2005,12,51
Coca-Cola,67420,2005,1,52
Microsoft,59338,2005,2,52
IBM,53941,2005,3,52
GE,47378.2,2005,4,52
Intel,34934.2,2005,5,52
Disney,26722.4,2005,6,52
McDonald's,26311.4,2005,7,52
Toyota,25457.8,2005,8,52
Mercedes-Benz,20363.8,2005,9,52
Citi,20265.2,2005,10,52
HP,19184.4,2005,11,52
American Express,18775.4,2005,12,52
Coca-Cola,67367.5,2005,1,53
Microsoft,59036.5,2005,2,53
IBM,54223.5,2005,3,53
GE,47569.3,2005,4,53
Intel,34607.3,2005,5,53
Disney,26863.1,2005,6,53
McDonald's,26460.1,2005,7,53
Toyota,25768.2,2005,8,53
Mercedes-Benz,20542.7,2005,9,53
Citi,20414.3,2005,10,53
HP,19343.6,2005,11,53
American Express,18883.6,2005,12,53
Coca-Cola,67315,2005,1,54
Microsoft,58735,2005,2,54
IBM,54506,2005,3,54
GE,47760.4,2005,4,54
Intel,34280.4,2005,5,54
Disney,27003.8,2005,6,54
McDonald's,26608.8,2005,7,54
Toyota,26078.6,2005,8,54
Mercedes-Benz,20721.6,2005,9,54
Citi,20563.4,2005,10,54
HP,19502.8,2005,11,54
American Express,18991.8,2005,12,54
Coca-Cola,67262.5,2005,1,55
Microsoft,58433.5,2005,2,55
IBM,54788.5,2005,3,55
GE,47951.5,2005,4,55
Intel,33953.5,2005,5,55
Disney,27144.5,2005,6,55
McDonald's,26757.5,2005,7,55
Toyota,26389,2005,8,55
Mercedes-Benz,20900.5,2005,9,55
Citi,20712.5,2005,10,55
HP,19662,2005,11,55
American Express,19100,2005,12,55
Coca-Cola,67210,2005,1,56
Microsoft,58132,2005,2,56
IBM,55071,2005,3,56
GE,48142.6,2005,4,56
Intel,33626.6,2005,5,56
Disney,27285.2,2005,6,56
McDonald's,26906.2,2005,7,56
Toyota,26699.4,2005,8,56
Mercedes-Benz,21079.4,2005,9,56
Citi,20861.6,2005,10,56
HP,19821.2,2005,11,56
American Express,19208.2,2005,12,56
Coca-Cola,67157.5,2005,1,57
Microsoft,57830.5,2005,2,57
IBM,55353.5,2005,3,57
GE,48333.7,2005,4,57
Intel,33299.7,2005,5,57
Disney,27425.9,2005,6,57
McDonald's,27054.9,2005,7,57
Toyota,27009.8,2005,8,57
Mercedes-Benz,21258.3,2005,9,57
Citi,21010.7,2005,10,57
HP,19980.4,2005,11,57
American Express,19316.4,2005,12,57
Coca-Cola,67105,2005,1,58
Microsoft,57529,2005,2,58
IBM,55636,2005,3,58
GE,48524.8,2005,4,58
Intel,32972.8,2005,5,58
Disney,27566.6,2005,6,58
Toyota,27320.2,2005,7,58
McDonald's,27203.6,2005,8,58
Mercedes-Benz,21437.2,2005,9,58
Citi,21159.8,2005,10,58
HP,20139.6,2005,11,58
American Express,19424.6,2005,12,58
Coca-Cola,67052.5,2005,1,59
Microsoft,57227.5,2005,2,59
IBM,55918.5,2005,3,59
GE,48715.9,2005,4,59
Intel,32645.9,2005,5,59
Disney,27707.3,2005,6,59
Toyota,27630.6,2005,7,59
McDonald's,27352.3,2005,8,59
Mercedes-Benz,21616.1,2005,9,59
Citi,21308.9,2005,10,59
HP,20298.8,2005,11,59
American Express,19532.8,2005,12,59
Coca-Cola,67000,2006,1,60
Microsoft,56926,2006,2,60
IBM,56201,2006,3,60
GE,48907,2006,4,60
Intel,32319,2006,5,60
Toyota,27941,2006,6,60
Disney,27848,2006,7,60
McDonald's,27501,2006,8,60
Mercedes-Benz,21795,2006,9,60
Citi,21458,2006,10,60
HP,20458,2006,11,60
American Express,19641,2006,12,60
Coca-Cola,66832.4,2006,1,61
Microsoft,57104.3,2006,2,61
IBM,56289.9,2006,3,61
GE,49173.2,2006,4,61
Intel,32182.5,2006,5,61
Toyota,28353.9,2006,6,61
Disney,27984.2,2006,7,61
McDonald's,27690.7,2006,8,61
Mercedes-Benz,21972.3,2006,9,61
Citi,21656.4,2006,10,61
HP,20631.9,2006,11,61
BMW,19816.5,2006,12,61
Coca-Cola,66664.8,2006,1,62
Microsoft,57282.6,2006,2,62
IBM,56378.8,2006,3,62
GE,49439.4,2006,4,62
Intel,32046,2006,5,62
Toyota,28766.8,2006,6,62
Disney,28120.4,2006,7,62
McDonald's,27880.4,2006,8,62
Mercedes-Benz,22149.6,2006,9,62
Citi,21854.8,2006,10,62
HP,20805.8,2006,11,62
BMW,20016,2006,12,62
Coca-Cola,66497.2,2006,1,63
Microsoft,57460.9,2006,2,63
IBM,56467.7,2006,3,63
GE,49705.6,2006,4,63
Intel,31909.5,2006,5,63
Toyota,29179.7,2006,6,63
Disney,28256.6,2006,7,63
McDonald's,28070.1,2006,8,63
Mercedes-Benz,22326.9,2006,9,63
Citi,22053.2,2006,10,63
HP,20979.7,2006,11,63
BMW,20215.5,2006,12,63
Coca-Cola,66329.6,2006,1,64
Microsoft,57639.2,2006,2,64
IBM,56556.6,2006,3,64
GE,49971.8,2006,4,64
Intel,31773,2006,5,64
Toyota,29592.6,2006,6,64
Disney,28392.8,2006,7,64
McDonald's,28259.8,2006,8,64
Mercedes-Benz,22504.2,2006,9,64
Citi,22251.6,2006,10,64
HP,21153.6,2006,11,64
BMW,20415,2006,12,64
Coca-Cola,66162,2006,1,65
Microsoft,57817.5,2006,2,65
IBM,56645.5,2006,3,65
GE,50238,2006,4,65
Intel,31636.5,2006,5,65
Toyota,30005.5,2006,6,65
Disney,28529,2006,7,65
McDonald's,28449.5,2006,8,65
Mercedes-Benz,22681.5,2006,9,65
Citi,22450,2006,10,65
HP,21327.5,2006,11,65
BMW,20614.5,2006,12,65
Coca-Cola,65994.4,2006,1,66
Microsoft,57995.8,2006,2,66
IBM,56734.4,2006,3,66
GE,50504.2,2006,4,66
Intel,31500,2006,5,66
Toyota,30418.4,2006,6,66
Disney,28665.2,2006,7,66
McDonald's,28639.2,2006,8,66
Mercedes-Benz,22858.8,2006,9,66
Citi,22648.4,2006,10,66
HP,21501.4,2006,11,66
BMW,20814,2006,12,66
Coca-Cola,65826.8,2006,1,67
Microsoft,58174.1,2006,2,67
IBM,56823.3,2006,3,67
GE,50770.4,2006,4,67
Intel,31363.5,2006,5,67
Toyota,30831.3,2006,6,67
McDonald's,28828.9,2006,7,67
Disney,28801.4,2006,8,67
Mercedes-Benz,23036.1,2006,9,67
Citi,22846.8,2006,10,67
HP,21675.3,2006,11,67
BMW,21013.5,2006,12,67
Coca-Cola,65659.2,2006,1,68
Microsoft,58352.4,2006,2,68
IBM,56912.2,2006,3,68
GE,51036.6,2006,4,68
Toyota,31244.2,2006,5,68
Intel,31227,2006,6,68
McDonald's,29018.6,2006,7,68
Disney,28937.6,2006,8,68
Mercedes-Benz,23213.4,2006,9,68
Citi,23045.2,2006,10,68
HP,21849.2,2006,11,68
BMW,21213,2006,12,68
Coca-Cola,65491.6,2006,1,69
Microsoft,58530.7,2006,2,69
IBM,57001.1,2006,3,69
GE,51302.8,2006,4,69
Toyota,31657.1,2006,5,69
Intel,31090.5,2006,6,69
McDonald's,29208.3,2006,7,69
Disney,29073.8,2006,8,69
Mercedes-Benz,23390.7,2006,9,69
Citi,23243.6,2006,10,69
HP,22023.1,2006,11,69
BMW,21412.5,2006,12,69
Coca-Cola,65324,2007,1,70
Microsoft,58709,2007,2,70
IBM,57090,2007,3,70
GE,51569,2007,4,70
Toyota,32070,2007,5,70
Intel,30954,2007,6,70
McDonald's,29398,2007,7,70
Disney,29210,2007,8,70
Mercedes-Benz,23568,2007,9,70
Citi,23442,2007,10,70
HP,22197,2007,11,70
BMW,21612,2007,12,70
Coca-Cola,65458.3,2007,1,71
Microsoft,58738.8,2007,2,71
IBM,57284.1,2007,3,71
GE,51720.7,2007,4,71
Toyota,32268,2007,5,71
Intel,30984.7,2007,6,71
McDonald's,29563.1,2007,7,71
Disney,29214.1,2007,8,71
Mercedes-Benz,23768.9,2007,9,71
Citi,23115.2,2007,10,71
HP,22328.2,2007,11,71
BMW,21780.6,2007,12,71
Coca-Cola,65592.6,2007,1,72
Microsoft,58768.6,2007,2,72
IBM,57478.2,2007,3,72
GE,51872.4,2007,4,72
Toyota,32466,2007,5,72
Intel,31015.4,2007,6,72
McDonald's,29728.2,2007,7,72
Disney,29218.2,2007,8,72
Mercedes-Benz,23969.8,2007,9,72
Citi,22788.4,2007,10,72
HP,22459.4,2007,11,72
BMW,21949.2,2007,12,72
Coca-Cola,65726.9,2007,1,73
Microsoft,58798.4,2007,2,73
IBM,57672.3,2007,3,73
GE,52024.1,2007,4,73
Toyota,32664,2007,5,73
Intel,31046.1,2007,6,73
McDonald's,29893.3,2007,7,73
Disney,29222.3,2007,8,73
Mercedes-Benz,24170.7,2007,9,73
HP,22590.6,2007,10,73
Citi,22461.6,2007,11,73
BMW,22117.8,2007,12,73
Coca-Cola,65861.2,2007,1,74
Microsoft,58828.2,2007,2,74
IBM,57866.4,2007,3,74
GE,52175.8,2007,4,74
Toyota,32862,2007,5,74
Intel,31076.8,2007,6,74
McDonald's,30058.4,2007,7,74
Disney,29226.4,2007,8,74
Mercedes-Benz,24371.6,2007,9,74
HP,22721.8,2007,10,74
BMW,22286.4,2007,11,74
Citi,22134.8,2007,12,74
Coca-Cola,65995.5,2007,1,75
Microsoft,58858,2007,2,75
IBM,58060.5,2007,3,75
GE,52327.5,2007,4,75
Toyota,33060,2007,5,75
Intel,31107.5,2007,6,75
McDonald's,30223.5,2007,7,75
Disney,29230.5,2007,8,75
Mercedes-Benz,24572.5,2007,9,75
HP,22853,2007,10,75
BMW,22455,2007,11,75
Citi,21808,2007,12,75
Coca-Cola,66129.8,2007,1,76
Microsoft,58887.8,2007,2,76
IBM,58254.6,2007,3,76
GE,52479.2,2007,4,76
Toyota,33258,2007,5,76
Intel,31138.2,2007,6,76
McDonald's,30388.6,2007,7,76
Disney,29234.6,2007,8,76
Mercedes-Benz,24773.4,2007,9,76
HP,22984.2,2007,10,76
BMW,22623.6,2007,11,76
Google,22488.8,2007,12,76
Coca-Cola,66264.1,2007,1,77
Microsoft,58917.6,2007,2,77
IBM,58448.7,2007,3,77
GE,52630.9,2007,4,77
Toyota,33456,2007,5,77
Intel,31168.9,2007,6,77
McDonald's,30553.7,2007,7,77
Disney,29238.7,2007,8,77
Mercedes-Benz,24974.3,2007,9,77
Google,23264.1,2007,10,77
HP,23115.4,2007,11,77
BMW,22792.2,2007,12,77
Coca-Cola,66398.4,2007,1,78
Microsoft,58947.4,2007,2,78
IBM,58642.8,2007,3,78
GE,52782.6,2007,4,78
Toyota,33654,2007,5,78
Intel,31199.6,2007,6,78
McDonald's,30718.8,2007,7,78
Disney,29242.8,2007,8,78
Mercedes-Benz,25175.2,2007,9,78
Google,24039.4,2007,10,78
HP,23246.6,2007,11,78
BMW,22960.8,2007,12,78
Coca-Cola,66532.7,2007,1,79
Microsoft,58977.2,2007,2,79
IBM,58836.9,2007,3,79
GE,52934.3,2007,4,79
Toyota,33852,2007,5,79
Intel,31230.3,2007,6,79
McDonald's,30883.9,2007,7,79
Disney,29246.9,2007,8,79
Mercedes-Benz,25376.1,2007,9,79
Google,24814.7,2007,10,79
HP,23377.8,2007,11,79
BMW,23129.4,2007,12,79
Coca-Cola,66667,2008,1,80
IBM,59031,2008,2,80
Microsoft,59007,2008,3,80
GE,53086,2008,4,80
Toyota,34050,2008,5,80
Intel,31261,2008,6,80
McDonald's,31049,2008,7,80
Disney,29251,2008,8,80
Google,25590,2008,9,80
Mercedes-Benz,25577,2008,10,80
HP,23509,2008,11,80
BMW,23298,2008,12,80
Coca-Cola,66873.7,2008,1,81
IBM,59149,2008,2,81
Microsoft,58771,2008,3,81
GE,52555.1,2008,4,81
Toyota,33778,2008,5,81
Intel,31198.5,2008,6,81
McDonald's,31171.6,2008,7,81
Disney,29170.6,2008,8,81
Google,26229,2008,9,81
Mercedes-Benz,25406,2008,10,81
HP,23567.7,2008,11,81
BMW,23135.3,2008,12,81
Coca-Cola,67080.4,2008,1,82
IBM,59267,2008,2,82
Microsoft,58535,2008,3,82
GE,52024.2,2008,4,82
Toyota,33506,2008,5,82
McDonald's,31294.2,2008,6,82
Intel,31136,2008,7,82
Disney,29090.2,2008,8,82
Google,26868,2008,9,82
Mercedes-Benz,25235,2008,10,82
HP,23626.4,2008,11,82
BMW,22972.6,2008,12,82
Coca-Cola,67287.1,2008,1,83
IBM,59385,2008,2,83
Microsoft,58299,2008,3,83
GE,51493.3,2008,4,83
Toyota,33234,2008,5,83
McDonald's,31416.8,2008,6,83
Intel,31073.5,2008,7,83
Disney,29009.8,2008,8,83
Google,27507,2008,9,83
Mercedes-Benz,25064,2008,10,83
HP,23685.1,2008,11,83
BMW,22809.9,2008,12,83
Coca-Cola,67493.8,2008,1,84
IBM,59503,2008,2,84
Microsoft,58063,2008,3,84
GE,50962.4,2008,4,84
Toyota,32962,2008,5,84
McDonald's,31539.4,2008,6,84
Intel,31011,2008,7,84
Disney,28929.4,2008,8,84
Google,28146,2008,9,84
Mercedes-Benz,24893,2008,10,84
HP,23743.8,2008,11,84
Gillette,22749.8,2008,12,84
Coca-Cola,67700.5,2008,1,85
IBM,59621,2008,2,85
Microsoft,57827,2008,3,85
GE,50431.5,2008,4,85
Toyota,32690,2008,5,85
McDonald's,31662,2008,6,85
Intel,30948.5,2008,7,85
Disney,28849,2008,8,85
Google,28785,2008,9,85
Mercedes-Benz,24722,2008,10,85
HP,23802.5,2008,11,85
Gillette,22765,2008,12,85
Coca-Cola,67907.2,2008,1,86
IBM,59739,2008,2,86
Microsoft,57591,2008,3,86
GE,49900.6,2008,4,86
Toyota,32418,2008,5,86
McDonald's,31784.6,2008,6,86
Intel,30886,2008,7,86
Google,29424,2008,8,86
Disney,28768.6,2008,9,86
Mercedes-Benz,24551,2008,10,86
HP,23861.2,2008,11,86
Gillette,22780.2,2008,12,86
Coca-Cola,68113.9,2008,1,87
IBM,59857,2008,2,87
Microsoft,57355,2008,3,87
GE,49369.7,2008,4,87
Toyota,32146,2008,5,87
McDonald's,31907.2,2008,6,87
Intel,30823.5,2008,7,87
Google,30063,2008,8,87
Disney,28688.2,2008,9,87
Mercedes-Benz,24380,2008,10,87
HP,23919.9,2008,11,87
Gillette,22795.4,2008,12,87
Coca-Cola,68320.6,2008,1,88
IBM,59975,2008,2,88
Microsoft,57119,2008,3,88
GE,48838.8,2008,4,88
McDonald's,32029.8,2008,5,88
Toyota,31874,2008,6,88
Intel,30761,2008,7,88
Google,30702,2008,8,88
Disney,28607.8,2008,9,88
Mercedes-Benz,24209,2008,10,88
HP,23978.6,2008,11,88
Gillette,22810.6,2008,12,88
Coca-Cola,68527.3,2008,1,89
IBM,60093,2008,2,89
Microsoft,56883,2008,3,89
GE,48307.9,2008,4,89
McDonald's,32152.4,2008,5,89
Toyota,31602,2008,6,89
Google,31341,2008,7,89
Intel,30698.5,2008,8,89
Disney,28527.4,2008,9,89
Mercedes-Benz,24038,2008,10,89
HP,24037.3,2008,11,89
Gillette,22825.8,2008,12,89
Coca-Cola,68734,2009,1,90
IBM,60211,2009,2,90
Microsoft,56647,2009,3,90
GE,47777,2009,4,90
McDonald's,32275,2009,5,90
Google,31980,2009,6,90
Toyota,31330,2009,7,90
Intel,30636,2009,8,90
Disney,28447,2009,9,90
HP,24096,2009,10,90
Mercedes-Benz,23867,2009,11,90
Gillette,22841,2009,12,90
Coca-Cola,68905.8,2009,1,91
IBM,60662.6,2009,2,91
Microsoft,57071.8,2009,3,91
GE,47280.1,2009,4,91
Google,33137.7,2009,5,91
McDonald's,32405.3,2009,6,91
Toyota,30816.2,2009,7,91
Intel,30773.9,2009,8,91
Disney,28475.4,2009,9,91
HP,24373.1,2009,10,91
Mercedes-Benz,23998.2,2009,11,91
Gillette,22886.7,2009,12,91
Coca-Cola,69077.6,2009,1,92
IBM,61114.2,2009,2,92
Microsoft,57496.6,2009,3,92
GE,46783.2,2009,4,92
Google,34295.4,2009,5,92
McDonald's,32535.6,2009,6,92
Intel,30911.8,2009,7,92
Toyota,30302.4,2009,8,92
Disney,28503.8,2009,9,92
HP,24650.2,2009,10,92
Mercedes-Benz,24129.4,2009,11,92
Gillette,22932.4,2009,12,92
Coca-Cola,69249.4,2009,1,93
IBM,61565.8,2009,2,93
Microsoft,57921.4,2009,3,93
GE,46286.3,2009,4,93
Google,35453.1,2009,5,93
McDonald's,32665.9,2009,6,93
Intel,31049.7,2009,7,93
Toyota,29788.6,2009,8,93
Disney,28532.2,2009,9,93
HP,24927.3,2009,10,93
Mercedes-Benz,24260.6,2009,11,93
Gillette,22978.1,2009,12,93
Coca-Cola,69421.2,2009,1,94
IBM,62017.4,2009,2,94
Microsoft,58346.2,2009,3,94
GE,45789.4,2009,4,94
Google,36610.8,2009,5,94
McDonald's,32796.2,2009,6,94
Intel,31187.6,2009,7,94
Toyota,29274.8,2009,8,94
Disney,28560.6,2009,9,94
HP,25204.4,2009,10,94
Mercedes-Benz,24391.8,2009,11,94
Gillette,23023.8,2009,12,94
Coca-Cola,69593,2009,1,95
IBM,62469,2009,2,95
Microsoft,58771,2009,3,95
GE,45292.5,2009,4,95
Google,37768.5,2009,5,95
McDonald's,32926.5,2009,6,95
Intel,31325.5,2009,7,95
Toyota,28761,2009,8,95
Disney,28589,2009,9,95
HP,25481.5,2009,10,95
Mercedes-Benz,24523,2009,11,95
Gillette,23069.5,2009,12,95
Coca-Cola,69764.8,2009,1,96
IBM,62920.6,2009,2,96
Microsoft,59195.8,2009,3,96
GE,44795.6,2009,4,96
Google,38926.2,2009,5,96
McDonald's,33056.8,2009,6,96
Intel,31463.4,2009,7,96
Disney,28617.4,2009,8,96
Toyota,28247.2,2009,9,96
HP,25758.6,2009,10,96
Mercedes-Benz,24654.2,2009,11,96
Gillette,23115.2,2009,12,96
Coca-Cola,69936.6,2009,1,97
IBM,63372.2,2009,2,97
Microsoft,59620.6,2009,3,97
GE,44298.7,2009,4,97
Google,40083.9,2009,5,97
McDonald's,33187.1,2009,6,97
Intel,31601.3,2009,7,97
Disney,28645.8,2009,8,97
Toyota,27733.4,2009,9,97
HP,26035.7,2009,10,97
Mercedes-Benz,24785.4,2009,11,97
Gillette,23160.9,2009,12,97
Coca-Cola,70108.4,2009,1,98
IBM,63823.8,2009,2,98
Microsoft,60045.4,2009,3,98
GE,43801.8,2009,4,98
Google,41241.6,2009,5,98
McDonald's,33317.4,2009,6,98
Intel,31739.2,2009,7,98
Disney,28674.2,2009,8,98
Toyota,27219.6,2009,9,98
HP,26312.8,2009,10,98
Mercedes-Benz,24916.6,2009,11,98
Gillette,23206.6,2009,12,98
Coca-Cola,70280.2,2009,1,99
IBM,64275.4,2009,2,99
Microsoft,60470.2,2009,3,99
GE,43304.9,2009,4,99
Google,42399.3,2009,5,99
McDonald's,33447.7,2009,6,99
Intel,31877.1,2009,7,99
Disney,28702.6,2009,8,99
Toyota,26705.8,2009,9,99
HP,26589.9,2009,10,99
Mercedes-Benz,25047.8,2009,11,99
Gillette,23252.3,2009,12,99
Coca-Cola,70452,2010,1,100
IBM,64727,2010,2,100
Microsoft,60895,2010,3,100
Google,43557,2010,4,100
GE,42808,2010,5,100
McDonald's,33578,2010,6,100
Intel,32015,2010,7,100
Disney,28731,2010,8,100
HP,26867,2010,9,100
Toyota,26192,2010,10,100
Mercedes-Benz,25179,2010,11,100
Gillette,23298,2010,12,100
Coca-Cola,70592.9,2010,1,101
IBM,65244.8,2010,2,101
Microsoft,60714.2,2010,3,101
Google,44733,2010,4,101
GE,42808,2010,5,101
McDonald's,33779.5,2010,6,101
Intel,32335.2,2010,7,101
Disney,28759.7,2010,8,101
HP,27028.2,2010,9,101
Toyota,26349.2,2010,10,101
Mercedes-Benz,25405.6,2010,11,101
Cisco,23428,2010,12,101
Coca-Cola,70733.8,2010,1,102
IBM,65762.6,2010,2,102
Microsoft,60533.4,2010,3,102
Google,45909,2010,4,102
GE,42808,2010,5,102
McDonald's,33981,2010,6,102
Intel,32655.4,2010,7,102
Disney,28788.4,2010,8,102
HP,27189.4,2010,9,102
Toyota,26506.4,2010,10,102
Mercedes-Benz,25632.2,2010,11,102
Cisco,23637,2010,12,102
Coca-Cola,70874.7,2010,1,103
IBM,66280.4,2010,2,103
Microsoft,60352.6,2010,3,103
Google,47085,2010,4,103
GE,42808,2010,5,103
McDonald's,34182.5,2010,6,103
Intel,32975.6,2010,7,103
Disney,28817.1,2010,8,103
HP,27350.6,2010,9,103
Toyota,26663.6,2010,10,103
Mercedes-Benz,25858.8,2010,11,103
Apple,24847.7,2010,12,103
Coca-Cola,71015.6,2010,1,104
IBM,66798.2,2010,2,104
Microsoft,60171.8,2010,3,104
Google,48261,2010,4,104
GE,42808,2010,5,104
McDonald's,34384,2010,6,104
Intel,33295.8,2010,7,104
Disney,28845.8,2010,8,104
HP,27511.8,2010,9,104
Toyota,26820.8,2010,10,104
Mercedes-Benz,26085.4,2010,11,104
Apple,26082.6,2010,12,104
Coca-Cola,71156.5,2010,1,105
IBM,67316,2010,2,105
Microsoft,59991,2010,3,105
Google,49437,2010,4,105
GE,42808,2010,5,105
McDonald's,34585.5,2010,6,105
Intel,33616,2010,7,105
Disney,28874.5,2010,8,105
HP,27673,2010,9,105
Apple,27317.5,2010,10,105
Toyota,26978,2010,11,105
Mercedes-Benz,26312,2010,12,105
Coca-Cola,71297.4,2010,1,106
IBM,67833.8,2010,2,106
Microsoft,59810.2,2010,3,106
Google,50613,2010,4,106
GE,42808,2010,5,106
McDonald's,34787,2010,6,106
Intel,33936.2,2010,7,106
Disney,28903.2,2010,8,106
Apple,28552.4,2010,9,106
HP,27834.2,2010,10,106
Toyota,27135.2,2010,11,106
Mercedes-Benz,26538.6,2010,12,106
Coca-Cola,71438.3,2010,1,107
IBM,68351.6,2010,2,107
Microsoft,59629.4,2010,3,107
Google,51789,2010,4,107
GE,42808,2010,5,107
McDonald's,34988.5,2010,6,107
Intel,34256.4,2010,7,107
Apple,29787.3,2010,8,107
Disney,28931.9,2010,9,107
HP,27995.4,2010,10,107
Toyota,27292.4,2010,11,107
Mercedes-Benz,26765.2,2010,12,107
Coca-Cola,71579.2,2010,1,108
IBM,68869.4,2010,2,108
Microsoft,59448.6,2010,3,108
Google,52965,2010,4,108
GE,42808,2010,5,108
McDonald's,35190,2010,6,108
Intel,34576.6,2010,7,108
Apple,31022.2,2010,8,108
Disney,28960.6,2010,9,108
HP,28156.6,2010,10,108
Toyota,27449.6,2010,11,108
Mercedes-Benz,26991.8,2010,12,108
Coca-Cola,71720.1,2010,1,109
IBM,69387.2,2010,2,109
Microsoft,59267.8,2010,3,109
Google,54141,2010,4,109
GE,42808,2010,5,109
McDonald's,35391.5,2010,6,109
Intel,34896.8,2010,7,109
Apple,32257.1,2010,8,109
Disney,28989.3,2010,9,109
HP,28317.8,2010,10,109
Toyota,27606.8,2010,11,109
Mercedes-Benz,27218.4,2010,12,109
Coca-Cola,71861,2011,1,110
IBM,69905,2011,2,110
Microsoft,59087,2011,3,110
Google,55317,2011,4,110
GE,42808,2011,5,110
McDonald's,35593,2011,6,110
Intel,35217,2011,7,110
Apple,33492,2011,8,110
Disney,29018,2011,9,110
HP,28479,2011,10,110
Toyota,27764,2011,11,110
Mercedes-Benz,27445,2011,12,110
Coca-Cola,72458.8,2011,1,111
IBM,70467.7,2011,2,111
Microsoft,58963.6,2011,3,111
Google,56757.9,2011,4,111
GE,42895.4,2011,5,111
Apple,37799.6,2011,6,111
McDonald's,36039.9,2011,7,111
Intel,35633.8,2011,8,111
Disney,28860,2011,9,111
HP,28239.8,2011,10,111
Toyota,28015.6,2011,11,111
Mercedes-Benz,27710.2,2011,12,111
Coca-Cola,73056.6,2011,1,112
IBM,71030.4,2011,2,112
Microsoft,58840.2,2011,3,112
Google,58198.8,2011,4,112
GE,42982.8,2011,5,112
Apple,42107.2,2011,6,112
McDonald's,36486.8,2011,7,112
Intel,36050.6,2011,8,112
Disney,28702,2011,9,112
Toyota,28267.2,2011,10,112
HP,28000.6,2011,11,112
Mercedes-Benz,27975.4,2011,12,112
Coca-Cola,73654.4,2011,1,113
IBM,71593.1,2011,2,113
Google,59639.7,2011,3,113
Microsoft,58716.8,2011,4,113
Apple,46414.8,2011,5,113
GE,43070.2,2011,6,113
McDonald's,36933.7,2011,7,113
Intel,36467.4,2011,8,113
Disney,28544,2011,9,113
Toyota,28518.8,2011,10,113
Mercedes-Benz,28240.6,2011,11,113
HP,27761.4,2011,12,113
Coca-Cola,74252.2,2011,1,114
IBM,72155.8,2011,2,114
Google,61080.6,2011,3,114
Microsoft,58593.4,2011,4,114
Apple,50722.4,2011,5,114
GE,43157.6,2011,6,114
McDonald's,37380.6,2011,7,114
Intel,36884.2,2011,8,114
Toyota,28770.4,2011,9,114
Mercedes-Benz,28505.8,2011,10,114
Disney,28386,2011,11,114
HP,27522.2,2011,12,114
Coca-Cola,74850,2011,1,115
IBM,72718.5,2011,2,115
Google,62521.5,2011,3,115
Microsoft,58470,2011,4,115
Apple,55030,2011,5,115
GE,43245,2011,6,115
McDonald's,37827.5,2011,7,115
Intel,37301,2011,8,115
Toyota,29022,2011,9,115
Mercedes-Benz,28771,2011,10,115
Disney,28228,2011,11,115
Samsung,28161.5,2011,12,115
Coca-Cola,75447.8,2011,1,116
IBM,73281.2,2011,2,116
Google,63962.4,2011,3,116
Apple,59337.6,2011,4,116
Microsoft,58346.6,2011,5,116
GE,43332.4,2011,6,116
McDonald's,38274.4,2011,7,116
Intel,37717.8,2011,8,116
Toyota,29273.6,2011,9,116
Samsung,29107.8,2011,10,116
Mercedes-Benz,29036.2,2011,11,116
Disney,28070,2011,12,116
Coca-Cola,76045.6,2011,1,117
IBM,73843.9,2011,2,117
Google,65403.3,2011,3,117
Apple,63645.2,2011,4,117
Microsoft,58223.2,2011,5,117
GE,43419.8,2011,6,117
McDonald's,38721.3,2011,7,117
Intel,38134.6,2011,8,117
Samsung,30054.1,2011,9,117
Toyota,29525.2,2011,10,117
Mercedes-Benz,29301.4,2011,11,117
Disney,27912,2011,12,117
Coca-Cola,76643.4,2011,1,118
IBM,74406.6,2011,2,118
Apple,67952.8,2011,3,118
Google,66844.2,2011,4,118
Microsoft,58099.8,2011,5,118
GE,43507.2,2011,6,118
McDonald's,39168.2,2011,7,118
Intel,38551.4,2011,8,118
Samsung,31000.4,2011,9,118
Toyota,29776.8,2011,10,118
Mercedes-Benz,29566.6,2011,11,118
BMW,28152.4,2011,12,118
Coca-Cola,77241.2,2011,1,119
IBM,74969.3,2011,2,119
Apple,72260.4,2011,3,119
Google,68285.1,2011,4,119
Microsoft,57976.4,2011,5,119
GE,43594.6,2011,6,119
McDonald's,39615.1,2011,7,119
Intel,38968.2,2011,8,119
Samsung,31946.7,2011,9,119
Toyota,30028.4,2011,10,119
Mercedes-Benz,29831.8,2011,11,119
BMW,28602.2,2011,12,119
Coca-Cola,77839,2012,1,120
Apple,76568,2012,2,120
IBM,75532,2012,3,120
Google,69726,2012,4,120
Microsoft,57853,2012,5,120
GE,43682,2012,6,120
McDonald's,40062,2012,7,120
Intel,39385,2012,8,120
Samsung,32893,2012,9,120
Toyota,30280,2012,10,120
Mercedes-Benz,30097,2012,11,120
BMW,29052,2012,12,120
Apple,78742.8,2012,1,121
Coca-Cola,77976.4,2012,2,121
IBM,75859.6,2012,3,121
Google,72082.5,2012,4,121
Microsoft,58022.3,2012,5,121
GE,44008.5,2012,6,121
McDonald's,40255,2012,7,121
Intel,39172.2,2012,8,121
Samsung,33564.7,2012,9,121
Toyota,30786.6,2012,10,121
Mercedes-Benz,30277.7,2012,11,121
BMW,29330.7,2012,12,121
Apple,80917.6,2012,1,122
Coca-Cola,78113.8,2012,2,122
IBM,76187.2,2012,3,122
Google,74439,2012,4,122
Microsoft,58191.6,2012,5,122
GE,44335,2012,6,122
McDonald's,40448,2012,7,122
Intel,38959.4,2012,8,122
Samsung,34236.4,2012,9,122
Toyota,31293.2,2012,10,122
Mercedes-Benz,30458.4,2012,11,122
BMW,29609.4,2012,12,122
Apple,83092.4,2012,1,123
Coca-Cola,78251.2,2012,2,123
Google,76795.5,2012,3,123
IBM,76514.8,2012,4,123
Microsoft,58360.9,2012,5,123
GE,44661.5,2012,6,123
McDonald's,40641,2012,7,123
Intel,38746.6,2012,8,123
Samsung,34908.1,2012,9,123
Toyota,31799.8,2012,10,123
Mercedes-Benz,30639.1,2012,11,123
BMW,29888.1,2012,12,123
Apple,85267.2,2012,1,124
Google,79152,2012,2,124
Coca-Cola,78388.6,2012,3,124
IBM,76842.4,2012,4,124
Microsoft,58530.2,2012,5,124
GE,44988,2012,6,124
McDonald's,40834,2012,7,124
Intel,38533.8,2012,8,124
Samsung,35579.8,2012,9,124
Toyota,32306.4,2012,10,124
Mercedes-Benz,30819.8,2012,11,124
BMW,30166.8,2012,12,124
Apple,87442,2012,1,125
Google,81508.5,2012,2,125
Coca-Cola,78526,2012,3,125
IBM,77170,2012,4,125
Microsoft,58699.5,2012,5,125
GE,45314.5,2012,6,125
McDonald's,41027,2012,7,125
Intel,38321,2012,8,125
Samsung,36251.5,2012,9,125
Toyota,32813,2012,10,125
Mercedes-Benz,31000.5,2012,11,125
BMW,30445.5,2012,12,125
Apple,89616.8,2012,1,126
Google,83865,2012,2,126
Coca-Cola,78663.4,2012,3,126
IBM,77497.6,2012,4,126
Microsoft,58868.8,2012,5,126
GE,45641,2012,6,126
McDonald's,41220,2012,7,126
Intel,38108.2,2012,8,126
Samsung,36923.2,2012,9,126
Toyota,33319.6,2012,10,126
Mercedes-Benz,31181.2,2012,11,126
BMW,30724.2,2012,12,126
Apple,91791.6,2012,1,127
Google,86221.5,2012,2,127
Coca-Cola,78800.8,2012,3,127
IBM,77825.2,2012,4,127
Microsoft,59038.1,2012,5,127
GE,45967.5,2012,6,127
McDonald's,41413,2012,7,127
Intel,37895.4,2012,8,127
Samsung,37594.9,2012,9,127
Toyota,33826.2,2012,10,127
Mercedes-Benz,31361.9,2012,11,127
BMW,31002.9,2012,12,127
Apple,93966.4,2012,1,128
Google,88578,2012,2,128
Coca-Cola,78938.2,2012,3,128
IBM,78152.8,2012,4,128
Microsoft,59207.4,2012,5,128
GE,46294,2012,6,128
McDonald's,41606,2012,7,128
Samsung,38266.6,2012,8,128
Intel,37682.6,2012,9,128
Toyota,34332.8,2012,10,128
Mercedes-Benz,31542.6,2012,11,128
BMW,31281.6,2012,12,128
Apple,96141.2,2012,1,129
Google,90934.5,2012,2,129
Coca-Cola,79075.6,2012,3,129
IBM,78480.4,2012,4,129
Microsoft,59376.7,2012,5,129
GE,46620.5,2012,6,129
McDonald's,41799,2012,7,129
Samsung,38938.3,2012,8,129
Intel,37469.8,2012,9,129
Toyota,34839.4,2012,10,129
Mercedes-Benz,31723.3,2012,11,129
BMW,31560.3,2012,12,129
Apple,98316,2013,1,130
Google,93291,2013,2,130
Coca-Cola,79213,2013,3,130
IBM,78808,2013,4,130
Microsoft,59546,2013,5,130
GE,46947,2013,6,130
McDonald's,41992,2013,7,130
Samsung,39610,2013,8,130
Intel,37257,2013,9,130
Toyota,35346,2013,10,130
Mercedes-Benz,31904,2013,11,130
BMW,31839,2013,12,130
Apple,100370.7,2013,1,131
Google,94705.8,2013,2,131
Coca-Cola,79448,2013,3,131
IBM,78151.6,2013,4,131
Microsoft,59706.8,2013,5,131
GE,46800.3,2013,6,131
McDonald's,42018.2,2013,7,131
Samsung,40195.2,2013,8,131
Intel,36946.6,2013,9,131
Toyota,36050.6,2013,10,131
Mercedes-Benz,32147.4,2013,11,131
BMW,32076.5,2013,12,131
Apple,102425.4,2013,1,132
Google,96120.6,2013,2,132
Coca-Cola,79683,2013,3,132
IBM,77495.2,2013,4,132
Microsoft,59867.6,2013,5,132
GE,46653.6,2013,6,132
McDonald's,42044.4,2013,7,132
Samsung,40780.4,2013,8,132
Toyota,36755.2,2013,9,132
Intel,36636.2,2013,10,132
Mercedes-Benz,32390.8,2013,11,132
BMW,32314,2013,12,132
Apple,104480.1,2013,1,133
Google,97535.4,2013,2,133
Coca-Cola,79918,2013,3,133
IBM,76838.8,2013,4,133
Microsoft,60028.4,2013,5,133
GE,46506.9,2013,6,133
McDonald's,42070.6,2013,7,133
Samsung,41365.6,2013,8,133
Toyota,37459.8,2013,9,133
Intel,36325.8,2013,10,133
Mercedes-Benz,32634.2,2013,11,133
BMW,32551.5,2013,12,133
Apple,106534.8,2013,1,134
Google,98950.2,2013,2,134
Coca-Cola,80153,2013,3,134
IBM,76182.4,2013,4,134
Microsoft,60189.2,2013,5,134
GE,46360.2,2013,6,134
McDonald's,42096.8,2013,7,134
Samsung,41950.8,2013,8,134
Toyota,38164.4,2013,9,134
Intel,36015.4,2013,10,134
Mercedes-Benz,32877.6,2013,11,134
BMW,32789,2013,12,134
Apple,108589.5,2013,1,135
Google,100365,2013,2,135
Coca-Cola,80388,2013,3,135
IBM,75526,2013,4,135
Microsoft,60350,2013,5,135
GE,46213.5,2013,6,135
Samsung,42536,2013,7,135
McDonald's,42123,2013,8,135
Toyota,38869,2013,9,135
Intel,35705,2013,10,135
Mercedes-Benz,33121,2013,11,135
BMW,33026.5,2013,12,135
Apple,110644.2,2013,1,136
Google,101779.8,2013,2,136
Coca-Cola,80623,2013,3,136
IBM,74869.6,2013,4,136
Microsoft,60510.8,2013,5,136
GE,46066.8,2013,6,136
Samsung,43121.2,2013,7,136
McDonald's,42149.2,2013,8,136
Toyota,39573.6,2013,9,136
Intel,35394.6,2013,10,136
Mercedes-Benz,33364.4,2013,11,136
BMW,33264,2013,12,136
Apple,112698.9,2013,1,137
Google,103194.6,2013,2,137
Coca-Cola,80858,2013,3,137
IBM,74213.2,2013,4,137
Microsoft,60671.6,2013,5,137
GE,45920.1,2013,6,137
Samsung,43706.4,2013,7,137
McDonald's,42175.4,2013,8,137
Toyota,40278.2,2013,9,137
Intel,35084.2,2013,10,137
Mercedes-Benz,33607.8,2013,11,137
BMW,33501.5,2013,12,137
Apple,114753.6,2013,1,138
Google,104609.4,2013,2,138
Coca-Cola,81093,2013,3,138
IBM,73556.8,2013,4,138
Microsoft,60832.4,2013,5,138
GE,45773.4,2013,6,138
Samsung,44291.6,2013,7,138
McDonald's,42201.6,2013,8,138
Toyota,40982.8,2013,9,138
Intel,34773.8,2013,10,138
Mercedes-Benz,33851.2,2013,11,138
BMW,33739,2013,12,138
Apple,116808.3,2013,1,139
Google,106024.2,2013,2,139
Coca-Cola,81328,2013,3,139
IBM,72900.4,2013,4,139
Microsoft,60993.2,2013,5,139
GE,45626.7,2013,6,139
Samsung,44876.8,2013,7,139
McDonald's,42227.8,2013,8,139
Toyota,41687.4,2013,9,139
Intel,34463.4,2013,10,139
Mercedes-Benz,34094.6,2013,11,139
BMW,33976.5,2013,12,139
Apple,118863,2014,1,140
Google,107439,2014,2,140
Coca-Cola,81563,2014,3,140
IBM,72244,2014,4,140
Microsoft,61154,2014,5,140
GE,45480,2014,6,140
Samsung,45462,2014,7,140
Toyota,42392,2014,8,140
McDonald's,42254,2014,9,140
Mercedes-Benz,34338,2014,10,140
BMW,34214,2014,11,140
Intel,34153,2014,12,140
Apple,124004.3,2014,1,141
Google,108726.5,2014,2,141
Coca-Cola,81249,2014,3,141
IBM,71529.1,2014,4,141
Microsoft,61805.6,2014,5,141
Samsung,45445.5,2014,6,141
GE,45158.7,2014,7,141
Toyota,43057.6,2014,8,141
McDonald's,42009.5,2014,9,141
Mercedes-Benz,34575.3,2014,10,141
BMW,34513.8,2014,11,141
Intel,34279.2,2014,12,141
Apple,129145.6,2014,1,142
Google,110014,2014,2,142
Coca-Cola,80935,2014,3,142
IBM,70814.2,2014,4,142
Microsoft,62457.2,2014,5,142
Samsung,45429,2014,6,142
GE,44837.4,2014,7,142
Toyota,43723.2,2014,8,142
McDonald's,41765,2014,9,142
BMW,34813.6,2014,10,142
Mercedes-Benz,34812.6,2014,11,142
Intel,34405.4,2014,12,142
Apple,134286.9,2014,1,143
Google,111301.5,2014,2,143
Coca-Cola,80621,2014,3,143
IBM,70099.3,2014,4,143
Microsoft,63108.8,2014,5,143
Samsung,45412.5,2014,6,143
GE,44516.1,2014,7,143
Toyota,44388.8,2014,8,143
McDonald's,41520.5,2014,9,143
BMW,35113.4,2014,10,143
Mercedes-Benz,35049.9,2014,11,143
Intel,34531.6,2014,12,143
Apple,139428.2,2014,1,144
Google,112589,2014,2,144
Coca-Cola,80307,2014,3,144
IBM,69384.4,2014,4,144
Microsoft,63760.4,2014,5,144
Samsung,45396,2014,6,144
Toyota,45054.4,2014,7,144
GE,44194.8,2014,8,144
McDonald's,41276,2014,9,144
BMW,35413.2,2014,10,144
Mercedes-Benz,35287.2,2014,11,144
Intel,34657.8,2014,12,144
Apple,144569.5,2014,1,145
Google,113876.5,2014,2,145
Coca-Cola,79993,2014,3,145
IBM,68669.5,2014,4,145
Microsoft,64412,2014,5,145
Toyota,45720,2014,6,145
Samsung,45379.5,2014,7,145
GE,43873.5,2014,8,145
McDonald's,41031.5,2014,9,145
BMW,35713,2014,10,145
Mercedes-Benz,35524.5,2014,11,145
Intel,34784,2014,12,145
Apple,149710.8,2014,1,146
Google,115164,2014,2,146
Coca-Cola,79679,2014,3,146
IBM,67954.6,2014,4,146
Microsoft,65063.6,2014,5,146
Toyota,46385.6,2014,6,146
Samsung,45363,2014,7,146
GE,43552.2,2014,8,146
McDonald's,40787,2014,9,146
BMW,36012.8,2014,10,146
Mercedes-Benz,35761.8,2014,11,146
Intel,34910.2,2014,12,146
Apple,154852.1,2014,1,147
Google,116451.5,2014,2,147
Coca-Cola,79365,2014,3,147
IBM,67239.7,2014,4,147
Microsoft,65715.2,2014,5,147
Toyota,47051.2,2014,6,147
Samsung,45346.5,2014,7,147
GE,43230.9,2014,8,147
McDonald's,40542.5,2014,9,147
BMW,36312.6,2014,10,147
Mercedes-Benz,35999.1,2014,11,147
Amazon,35407,2014,12,147
Apple,159993.4,2014,1,148
Google,117739,2014,2,148
Coca-Cola,79051,2014,3,148
IBM,66524.8,2014,4,148
Microsoft,66366.8,2014,5,148
Toyota,47716.8,2014,6,148
Samsung,45330,2014,7,148
GE,42909.6,2014,8,148
McDonald's,40298,2014,9,148
BMW,36612.4,2014,10,148
Amazon,36254,2014,11,148
Mercedes-Benz,36236.4,2014,12,148
Apple,165134.7,2014,1,149
Google,119026.5,2014,2,149
Coca-Cola,78737,2014,3,149
Microsoft,67018.4,2014,4,149
IBM,65809.9,2014,5,149
Toyota,48382.4,2014,6,149
Samsung,45313.5,2014,7,149
GE,42588.3,2014,8,149
McDonald's,40053.5,2014,9,149
Amazon,37101,2014,10,149
BMW,36912.2,2014,11,149
Mercedes-Benz,36473.7,2014,12,149
Apple,170276,2015,1,150
Google,120314,2015,2,150
Coca-Cola,78423,2015,3,150
Microsoft,67670,2015,4,150
IBM,65095,2015,5,150
Toyota,49048,2015,6,150
Samsung,45297,2015,7,150
GE,42267,2015,8,150
McDonald's,39809,2015,9,150
Amazon,37948,2015,10,150
BMW,37212,2015,11,150
Mercedes-Benz,36711,2015,12,150
Apple,171060.3,2015,1,151
Google,121607.8,2015,2,151
Coca-Cola,77890.9,2015,3,151
Microsoft,68182.5,2015,4,151
IBM,63835.5,2015,5,151
Toyota,49501.2,2015,6,151
Samsung,45948.1,2015,7,151
GE,42353.3,2015,8,151
McDonald's,39766.2,2015,9,151
Amazon,39187,2015,10,151
BMW,37644.3,2015,11,151
Mercedes-Benz,37388.9,2015,12,151
Apple,171844.6,2015,1,152
Google,122901.6,2015,2,152
Coca-Cola,77358.8,2015,3,152
Microsoft,68695,2015,4,152
IBM,62576,2015,5,152
Toyota,49954.4,2015,6,152
Samsung,46599.2,2015,7,152
GE,42439.6,2015,8,152
Amazon,40426,2015,9,152
McDonald's,39723.4,2015,10,152
BMW,38076.6,2015,11,152
Mercedes-Benz,38066.8,2015,12,152
Apple,172628.9,2015,1,153
Google,124195.4,2015,2,153
Coca-Cola,76826.7,2015,3,153
Microsoft,69207.5,2015,4,153
IBM,61316.5,2015,5,153
Toyota,50407.6,2015,6,153
Samsung,47250.3,2015,7,153
GE,42525.9,2015,8,153
Amazon,41665,2015,9,153
McDonald's,39680.6,2015,10,153
Mercedes-Benz,38744.7,2015,11,153
BMW,38508.9,2015,12,153
Apple,173413.2,2015,1,154
Google,125489.2,2015,2,154
Coca-Cola,76294.6,2015,3,154
Microsoft,69720,2015,4,154
IBM,60057,2015,5,154
Toyota,50860.8,2015,6,154
Samsung,47901.4,2015,7,154
Amazon,42904,2015,8,154
GE,42612.2,2015,9,154
McDonald's,39637.8,2015,10,154
Mercedes-Benz,39422.6,2015,11,154
BMW,38941.2,2015,12,154
Apple,174197.5,2015,1,155
Google,126783,2015,2,155
Coca-Cola,75762.5,2015,3,155
Microsoft,70232.5,2015,4,155
IBM,58797.5,2015,5,155
Toyota,51314,2015,6,155
Samsung,48552.5,2015,7,155
Amazon,44143,2015,8,155
GE,42698.5,2015,9,155
Mercedes-Benz,40100.5,2015,10,155
McDonald's,39595,2015,11,155
BMW,39373.5,2015,12,155
Apple,174981.8,2015,1,156
Google,128076.8,2015,2,156
Coca-Cola,75230.4,2015,3,156
Microsoft,70745,2015,4,156
IBM,57538,2015,5,156
Toyota,51767.2,2015,6,156
Samsung,49203.6,2015,7,156
Amazon,45382,2015,8,156
GE,42784.8,2015,9,156
Mercedes-Benz,40778.4,2015,10,156
BMW,39805.8,2015,11,156
McDonald's,39552.2,2015,12,156
Apple,175766.1,2015,1,157
Google,129370.6,2015,2,157
Coca-Cola,74698.3,2015,3,157
Microsoft,71257.5,2015,4,157
IBM,56278.5,2015,5,157
Toyota,52220.4,2015,6,157
Samsung,49854.7,2015,7,157
Amazon,46621,2015,8,157
GE,42871.1,2015,9,157
Mercedes-Benz,41456.3,2015,10,157
BMW,40238.1,2015,11,157
McDonald's,39509.4,2015,12,157
Apple,176550.4,2015,1,158
Google,130664.4,2015,2,158
Coca-Cola,74166.2,2015,3,158
Microsoft,71770,2015,4,158
IBM,55019,2015,5,158
Toyota,52673.6,2015,6,158
Samsung,50505.8,2015,7,158
Amazon,47860,2015,8,158
GE,42957.4,2015,9,158
Mercedes-Benz,42134.2,2015,10,158
BMW,40670.4,2015,11,158
McDonald's,39466.6,2015,12,158
Apple,177334.7,2015,1,159
Google,131958.2,2015,2,159
Coca-Cola,73634.1,2015,3,159
Microsoft,72282.5,2015,4,159
IBM,53759.5,2015,5,159
Toyota,53126.8,2015,6,159
Samsung,51156.9,2015,7,159
Amazon,49099,2015,8,159
GE,43043.7,2015,9,159
Mercedes-Benz,42812.1,2015,10,159
BMW,41102.7,2015,11,159
McDonald's,39423.8,2015,12,159
Apple,178119,2016,1,160
Google,133252,2016,2,160
Coca-Cola,73102,2016,3,160
Microsoft,72795,2016,4,160
Toyota,53580,2016,5,160
IBM,52500,2016,6,160
Samsung,51808,2016,7,160
Amazon,50338,2016,8,160
Mercedes-Benz,43490,2016,9,160
GE,43130,2016,10,160
BMW,41535,2016,11,160
McDonald's,39381,2016,12,160
Apple,178722.5,2016,1,161
Google,134097.1,2016,2,161
Microsoft,73515.4,2016,3,161
Coca-Cola,72765.1,2016,4,161
Toyota,53251.1,2016,5,161
Samsung,52252.1,2016,6,161
IBM,51932.9,2016,7,161
Amazon,51783.8,2016,8,161
Mercedes-Benz,43923.9,2016,9,161
GE,43237.8,2016,10,161
BMW,41533.6,2016,11,161
McDonald's,39596.2,2016,12,161
Apple,179326,2016,1,162
Google,134942.2,2016,2,162
Microsoft,74235.8,2016,3,162
Coca-Cola,72428.2,2016,4,162
Amazon,53229.6,2016,5,162
Toyota,52922.2,2016,6,162
Samsung,52696.2,2016,7,162
IBM,51365.8,2016,8,162
Mercedes-Benz,44357.8,2016,9,162
GE,43345.6,2016,10,162
BMW,41532.2,2016,11,162
McDonald's,39811.4,2016,12,162
Apple,179929.5,2016,1,163
Google,135787.3,2016,2,163
Microsoft,74956.2,2016,3,163
Coca-Cola,72091.3,2016,4,163
Amazon,54675.4,2016,5,163
Samsung,53140.3,2016,6,163
Toyota,52593.3,2016,7,163
IBM,50798.7,2016,8,163
Mercedes-Benz,44791.7,2016,9,163
GE,43453.4,2016,10,163
BMW,41530.8,2016,11,163
McDonald's,40026.6,2016,12,163
Apple,180533,2016,1,164
Google,136632.4,2016,2,164
Microsoft,75676.6,2016,3,164
Coca-Cola,71754.4,2016,4,164
Amazon,56121.2,2016,5,164
Samsung,53584.4,2016,6,164
Toyota,52264.4,2016,7,164
IBM,50231.6,2016,8,164
Mercedes-Benz,45225.6,2016,9,164
GE,43561.2,2016,10,164
BMW,41529.4,2016,11,164
McDonald's,40241.8,2016,12,164
Apple,181136.5,2016,1,165
Google,137477.5,2016,2,165
Microsoft,76397,2016,3,165
Coca-Cola,71417.5,2016,4,165
Amazon,57567,2016,5,165
Samsung,54028.5,2016,6,165
Toyota,51935.5,2016,7,165
IBM,49664.5,2016,8,165
Mercedes-Benz,45659.5,2016,9,165
GE,43669,2016,10,165
BMW,41528,2016,11,165
McDonald's,40457,2016,12,165
Apple,181740,2016,1,166
Google,138322.6,2016,2,166
Microsoft,77117.4,2016,3,166
Coca-Cola,71080.6,2016,4,166
Amazon,59012.8,2016,5,166
Samsung,54472.6,2016,6,166
Toyota,51606.6,2016,7,166
IBM,49097.4,2016,8,166
Mercedes-Benz,46093.4,2016,9,166
GE,43776.8,2016,10,166
Facebook,41950,2016,11,166
BMW,41526.6,2016,12,166
Apple,182343.5,2016,1,167
Google,139167.7,2016,2,167
Microsoft,77837.8,2016,3,167
Coca-Cola,70743.7,2016,4,167
Amazon,60458.6,2016,5,167
Samsung,54916.7,2016,6,167
Toyota,51277.7,2016,7,167
IBM,48530.3,2016,8,167
Mercedes-Benz,46527.3,2016,9,167
GE,43884.6,2016,10,167
Facebook,43509.5,2016,11,167
BMW,41525.2,2016,12,167
Apple,182947,2016,1,168
Google,140012.8,2016,2,168
Microsoft,78558.2,2016,3,168
Coca-Cola,70406.8,2016,4,168
Amazon,61904.4,2016,5,168
Samsung,55360.8,2016,6,168
Toyota,50948.8,2016,7,168
IBM,47963.2,2016,8,168
Mercedes-Benz,46961.2,2016,9,168
Facebook,45069,2016,10,168
GE,43992.4,2016,11,168
BMW,41523.8,2016,12,168
Apple,183550.5,2016,1,169
Google,140857.9,2016,2,169
Microsoft,79278.6,2016,3,169
Coca-Cola,70069.9,2016,4,169
Amazon,63350.2,2016,5,169
Samsung,55804.9,2016,6,169
Toyota,50619.9,2016,7,169
IBM,47396.1,2016,8,169
Mercedes-Benz,47395.1,2016,9,169
Facebook,46628.5,2016,10,169
GE,44100.2,2016,11,169
BMW,41522.4,2016,12,169
Apple,184154,2017,1,170
Google,141703,2017,2,170
Microsoft,79999,2017,3,170
Coca-Cola,69733,2017,4,170
Amazon,64796,2017,5,170
Samsung,56249,2017,6,170
Toyota,50291,2017,7,170
Facebook,48188,2017,8,170
Mercedes-Benz,47829,2017,9,170
IBM,46829,2017,10,170
GE,44208,2017,11,170
McDonald's,41533,2017,12,170
Apple,187186.6,2017,1,171
Google,143083.3,2017,2,171
Microsoft,81270.6,2017,3,171
Coca-Cola,69393.8,2017,4,171
Amazon,68392.8,2017,5,171
Samsung,56613.1,2017,6,171
Toyota,50602.3,2017,7,171
Mercedes-Benz,47906.2,2017,8,171
Facebook,47886,2017,9,171
IBM,46443.3,2017,10,171
GE,43062.9,2017,11,171
McDonald's,41721.4,2017,12,171
Apple,190219.2,2017,1,172
Google,144463.6,2017,2,172
Microsoft,82542.2,2017,3,172
Amazon,71989.6,2017,4,172
Coca-Cola,69054.6,2017,5,172
Samsung,56977.2,2017,6,172
Toyota,50913.6,2017,7,172
Mercedes-Benz,47983.4,2017,8,172
Facebook,47584,2017,9,172
IBM,46057.6,2017,10,172
GE,41917.8,2017,11,172
McDonald's,41909.8,2017,12,172
Apple,193251.8,2017,1,173
Google,145843.9,2017,2,173
Microsoft,83813.8,2017,3,173
Amazon,75586.4,2017,4,173
Coca-Cola,68715.4,2017,5,173
Samsung,57341.3,2017,6,173
Toyota,51224.9,2017,7,173
Mercedes-Benz,48060.6,2017,8,173
Facebook,47282,2017,9,173
IBM,45671.9,2017,10,173
McDonald's,42098.2,2017,11,173
BMW,41366.5,2017,12,173
Apple,196284.4,2017,1,174
Google,147224.2,2017,2,174
Microsoft,85085.4,2017,3,174
Amazon,79183.2,2017,4,174
Coca-Cola,68376.2,2017,5,174
Samsung,57705.4,2017,6,174
Toyota,51536.2,2017,7,174
Mercedes-Benz,48137.8,2017,8,174
Facebook,46980,2017,9,174
IBM,45286.2,2017,10,174
McDonald's,42286.6,2017,11,174
BMW,41315,2017,12,174
Apple,199317,2017,1,175
Google,148604.5,2017,2,175
Microsoft,86357,2017,3,175
Amazon,82780,2017,4,175
Coca-Cola,68037,2017,5,175
Samsung,58069.5,2017,6,175
Toyota,51847.5,2017,7,175
Mercedes-Benz,48215,2017,8,175
Facebook,46678,2017,9,175
IBM,44900.5,2017,10,175
McDonald's,42475,2017,11,175
Intel,41376,2017,12,175
Apple,202349.6,2017,1,176
Google,149984.8,2017,2,176
Microsoft,87628.6,2017,3,176
Amazon,86376.8,2017,4,176
Coca-Cola,67697.8,2017,5,176
Samsung,58433.6,2017,6,176
Toyota,52158.8,2017,7,176
Mercedes-Benz,48292.2,2017,8,176
Facebook,46376,2017,9,176
IBM,44514.8,2017,10,176
McDonald's,42663.4,2017,11,176
Intel,41759.4,2017,12,176
Apple,205382.2,2017,1,177
Google,151365.1,2017,2,177
Amazon,89973.6,2017,3,177
Microsoft,88900.2,2017,4,177
Coca-Cola,67358.6,2017,5,177
Samsung,58797.7,2017,6,177
Toyota,52470.1,2017,7,177
Mercedes-Benz,48369.4,2017,8,177
Facebook,46074,2017,9,177
IBM,44129.1,2017,10,177
McDonald's,42851.8,2017,11,177
Intel,42142.8,2017,12,177
Apple,208414.8,2017,1,178
Google,152745.4,2017,2,178
Amazon,93570.4,2017,3,178
Microsoft,90171.8,2017,4,178
Coca-Cola,67019.4,2017,5,178
Samsung,59161.8,2017,6,178
Toyota,52781.4,2017,7,178
Mercedes-Benz,48446.6,2017,8,178
Facebook,45772,2017,9,178
IBM,43743.4,2017,10,178
McDonald's,43040.2,2017,11,178
Intel,42526.2,2017,12,178
Apple,211447.4,2017,1,179
Google,154125.7,2017,2,179
Amazon,97167.2,2017,3,179
Microsoft,91443.4,2017,4,179
Coca-Cola,66680.2,2017,5,179
Samsung,59525.9,2017,6,179
Toyota,53092.7,2017,7,179
Mercedes-Benz,48523.8,2017,8,179
Facebook,45470,2017,9,179
IBM,43357.7,2017,10,179
McDonald's,43228.6,2017,11,179
Intel,42909.6,2017,12,179
Apple,214480,2018,1,180
Google,155506,2018,2,180
Amazon,100764,2018,3,180
Microsoft,92715,2018,4,180
Coca-Cola,66341,2018,5,180
Samsung,59890,2018,6,180
Toyota,53404,2018,7,180
Mercedes-Benz,48601,2018,8,180
Facebook,45168,2018,9,180
McDonald's,43417,2018,10,180
Intel,43293,2018,11,180
IBM,42972,2018,12,180
